<?xml version="1.0" encoding="UTF-8"?>
<beans xmlns="http://www.springframework.org/schema/beans"
       xmlns:xsi="http://www.w3.org/2001/XMLSchema-instance"
       xmlns:context="http://www.springframework.org/schema/context" xsi:schemaLocation="
        http://www.springframework.org/schema/beans http://www.springframework.org/schema/beans/spring-beans.xsd
        http://www.springframework.org/schema/context http://www.springframework.org/schema/context/spring-context.xsd">
        <!--xsi:schemaLocation="http://www.springframework.org/schema/beans
 classpath:/org/springframework/beans/factory/xml/spring-beans-4.0.xsd">-->

    <!--xsi:schemaLocation="http://www.springframework.org/schema/beans
 http://www.springframework.org/schema/beans/spring-beans.xsd-->

<context:annotation-config></context:annotation-config>
    <bean id="empp" class="basic.Employee"  init-method="init" destroy-method="destroy">
        <!--Setter Injection -->
        <property name="name" value="Nucleus"/>
        <property name="empId" value="1000"/>

        <property name="salary" value="677000"/>
        <property name="desig" value="S"/>

    </bean>

   <!-- &lt;!&ndash; Setter Injection &ndash;&gt;
    	<bean id="emp2" class="basic.Employee" init-method="init" destroy-method="destroy" >
            <property name="name" value="Neha"></property>
            <property name="empId" value="101"></property>

        </bean>
-->
    <!--  Constructor Injection-->
    <bean id="emp" class="basic.Employee" >
        <constructor-arg   value="11.89"></constructor-arg>
        <constructor-arg   value="4999"></constructor-arg>
    </bean>
    <bean id="emp2" class="basic.Employee" scope="prototype" > <!--  with the help of prototype the
     constructor is called at the time of object called otherwise all beans object constructor is called-->
        <constructor-arg  type="java.lang.Double" value="12.6"></constructor-arg>
        <constructor-arg  type="int" value="4999"></constructor-arg>
    </bean>

    <bean id="emp12" class="basic.Employee" >
        <constructor-arg  name="sal" value="11.89"></constructor-arg>
        <constructor-arg  name="id" value="4999"></constructor-arg>
    </bean>
    <bean id="emp8" class="basic.Employee">
        <property name="phoneno">
            <list>
                <value>087767</value>

                    <value>24262625</value>
            </list>

        </property>
        <property name="email">
            <map>
                <entry key="45" value="abc@gmail.com"></entry>
                <entry key="56" value="absxic@gmail.com"></entry>

            </map>
        </property>
       <!-- <property name="addr" ref="add1"></property>-->
    </bean>
    <bean id="add1" class="springpacakge.Address">
    <property name="city">
        <list>
            <value>allhabad</value>

            <value>jaipur</value>
        </list>

    </property>
    <property name="state">
        <map>
            <entry key="45" value="uttarpradesh"></entry>
            <entry key="56" value="madhyapradesh"></entry>

        </map>
    </property>
    </bean>
    <bean id="addr" class="springpacakge.Address">
        <property name="city">
            <list>
                <value>kanpur</value>

                <value>baroda</value>
            </list>

        </property>
        <property name="state">
            <map>
                <entry key="45" value="kerla"></entry>
                <entry key="56" value="rajasthan"></entry>

            </map>
        </property>
    </bean>

    <bean id="Presentation" class="mvc.Presentation">
        <property name="ser" ref="Service"></property>
    </bean>
    <bean id="Service" class="mvc.Service">
        <property name="dao" ref="Dao"></property>

    </bean>
    <bean id="Dao" class="mvc.Dao"></bean>




   <!-- <bean id="Presentation" class="mvc.Presentation" autowire="byType">
    </bean>
    <bean id="service" class="mvc.Service" autowire="byName">
    </bean>
    <bean id="dao" class="mvc.Dao"></bean>
-->



   </beans>